,Player,Team,Mat,Inns,Overs,Mdns,Runs,WktsDescending,BBI,Ave,Econ,SR,4,5,Season
0,B Lee,AUS,18,18,143.2,9,703,29,5/27,24.24,4.90,29.6,0,2,2007/08
1,NW Bracken,AUS,17,17,140.3,14,629,26,5/47,24.19,4.47,32.4,1,1,2007/08
2,KD Mills,NZ,14,13,120.5,12,556,26,5/25,21.38,4.60,27.8,2,1,2007/08
3,MG Johnson,AUS,16,16,134.0,13,571,25,5/26,22.84,4.26,32.1,0,1,2007/08
4,Shahid Afridi,PAK,18,18,173.5,1,821,25,3/33,32.84,4.72,41.7,0,0,2007/08
5,Sohail Tanvir,PAK,16,16,135.5,9,613,24,4/34,25.54,4.51,33.9,2,0,2007/08
6,GB Hogg,AUS,17,15,125.0,8,583,23,4/49,25.34,4.66,32.6,1,0,2007/08
7,Iftikhar Anjum,PAK,14,14,112.0,6,600,23,3/33,26.08,5.35,29.2,0,0,2007/08
8,IK Pathan,INDIA,22,21,170.3,6,928,23,4/41,40.34,5.44,44.4,1,0,2007/08
9,S Sreesanth,INDIA,12,11,86.2,1,528,21,3/31,25.14,6.11,24.6,0,0,2007/08
10,DL Vettori,NZ,14,13,116.1,8,422,20,5/7,21.10,3.63,34.8,0,1,2007/08
11,SCJ Broad,ENG,10,10,83.4,3,418,19,3/26,22.00,4.99,26.4,0,0,2007/08
12,CK Langeveldt,SA,11,11,93.2,4,449,19,3/31,23.63,4.81,29.4,0,0,2007/08
13,SL Malinga,SL,13,13,109.4,9,560,18,4/47,31.11,5.10,36.5,1,0,2007/08
14,JA Morkel,SA,12,12,96.0,5,466,18,4/29,25.88,4.85,32.0,2,0,2007/08
15,Shoaib Malik,PAK,20,17,120.5,8,579,18,3/34,32.16,4.79,40.2,0,0,2007/08
16,RJ Sidebottom,ENG,10,10,93.1,9,371,18,3/19,20.61,3.98,31.0,0,0,2007/08
17,JE Taylor,WI,10,10,92.3,7,385,18,5/48,21.38,4.16,30.8,1,1,2007/08
18,JR Hopes,AUS,19,17,115.5,6,450,17,2/16,26.47,3.88,40.8,0,0,2007/08
19,A Nel,SA,10,10,87.0,6,398,17,4/27,23.41,4.57,30.7,1,0,2007/08
20,Umar Gul,PAK,13,13,107.5,9,596,16,3/48,37.25,5.52,40.4,0,0,2007/08
21,DJ Bravo,WI,12,10,67.5,2,340,15,4/32,22.66,5.01,27.1,1,0,2007/08
22,Harbhajan Singh,INDIA,20,18,159.1,3,716,15,2/38,47.73,4.49,63.6,0,0,2007/08
23,MF Maharoof,SL,7,7,61.1,5,244,14,4/31,17.42,3.98,26.2,1,0,2007/08
24,Mashrafe Mortaza,BDESH,13,13,100.0,9,484,14,4/65,34.57,4.84,42.8,1,0,2007/08
25,M Ntini,SA,7,7,60.0,1,365,14,4/61,26.07,6.08,25.7,2,0,2007/08
26,Shakib Al Hasan,BDESH,14,14,117.5,5,548,14,3/56,39.14,4.65,50.5,0,0,2007/08
27,I Sharma,INDIA,9,8,62.1,2,286,14,4/38,20.42,4.60,26.6,2,0,2007/08
28,Abdur Razzak,BDESH,14,14,113.5,0,574,13,3/27,44.15,5.04,52.5,0,0,2007/08
29,Farhad Reza,BDESH,12,11,77.0,5,431,13,5/42,33.15,5.59,35.5,0,1,2007/08
30,Z Khan,INDIA,11,11,97.2,5,540,13,2/40,41.53,5.54,44.9,0,0,2007/08
31,DBL Powell,WI,10,10,87.0,6,393,13,3/32,30.23,4.51,40.1,0,0,2007/08
32,J Botha,SA,14,14,120.0,1,543,12,3/34,45.25,4.52,60.0,0,0,2007/08
33,CRD Fernando,SL,5,5,45.0,2,164,12,6/27,13.66,3.64,22.5,0,1,2007/08
34,E Chigumbura,ZIM,9,9,69.0,5,360,11,3/25,32.72,5.21,37.6,0,0,2007/08
35,KMDN Kulasekara,SL,6,6,47.0,4,233,11,3/28,21.18,4.95,25.6,0,0,2007/08
36,Shoaib Akhtar,PAK,5,5,47.0,2,227,11,4/43,20.63,4.82,25.6,1,0,2007/08
37,RP Singh,INDIA,8,8,66.3,5,423,11,3/62,38.45,6.36,36.2,0,0,2007/08
38,M Kartik,INDIA,7,7,62.5,5,300,10,6/27,30.00,4.77,37.7,0,1,2007/08
39,P Kumar,INDIA,5,5,50.0,6,225,10,4/31,22.50,4.50,30.0,2,0,2007/08
40,BAW Mendis,SL,15,15,113.4,2,484,31,6/29,15.61,4.25,22.0,1,1,2008/09
41,KD Mills,NZ,18,18,137.4,11,645,26,4/35,24.80,4.68,31.7,1,0,2008/09
42,M Muralitharan,SL,15,15,110.5,10,455,26,5/29,17.50,4.10,25.5,1,1,2008/09
43,KMDN Kulasekara,SL,15,15,117.0,14,507,25,3/13,20.28,4.33,28.0,0,0,2008/09
44,DW Steyn,SA,11,11,102.3,9,478,25,4/16,19.12,4.66,24.6,3,0,2008/09
45,Mashrafe Mortaza,BDESH,11,11,104.0,13,382,23,4/44,16.60,3.67,27.1,1,0,2008/09
46,MG Johnson,AUS,13,13,117.5,6,616,22,4/34,28.00,5.22,32.1,1,0,2008/09
47,RW Price,ZIM,17,16,141.1,25,429,22,4/22,19.50,3.03,38.5,1,0,2008/09
48,E Chigumbura,ZIM,17,17,95.0,3,504,19,4/28,26.52,5.30,30.0,1,0,2008/09
49,Umar Gul,PAK,6,6,54.5,7,274,19,4/58,14.42,4.99,17.3,1,0,2008/09
50,J Botha,SA,13,13,123.0,4,478,18,4/19,26.55,3.88,41.0,1,0,2008/09
51,Shakib Al Hasan,BDESH,11,11,104.0,16,325,18,3/11,18.05,3.12,34.6,0,0,2008/09
52,I Sharma,INDIA,10,10,79.2,3,518,18,4/57,28.77,6.52,26.4,1,0,2008/09
53,NW Bracken,AUS,14,14,119.3,10,639,16,3/35,39.93,5.34,44.8,0,0,2008/09
54,JR Hopes,AUS,15,14,119.1,5,549,16,3/44,34.31,4.60,44.6,0,0,2008/09
55,SCJ Broad,ENG,10,10,79.4,7,482,15,4/55,32.13,6.05,31.8,1,0,2008/09
56,AG Cremer,ZIM,5,5,45.5,5,172,15,4/31,11.46,3.75,18.3,2,0,2008/09
57,Z Khan,INDIA,13,12,101.0,8,512,15,3/26,34.13,5.06,40.4,0,0,2008/09
58,T Thushara,SL,13,13,86.3,8,365,15,3/33,24.33,4.21,34.6,0,0,2008/09
59,JA Morkel,SA,14,14,97.4,3,528,13,3/40,40.61,5.40,45.0,0,0,2008/09
60,IE O'Brien,NZ,9,9,69.3,3,429,13,3/68,33.00,6.17,32.0,0,0,2008/09
61,P Utseya,ZIM,17,17,138.3,13,477,13,2/22,36.69,3.44,63.9,0,0,2008/09
62,Yuvraj Singh,INDIA,15,10,72.4,0,394,13,4/28,30.30,5.42,33.5,1,0,2008/09
63,KM Dabengwa,ZIM,12,12,66.2,2,263,12,3/15,21.91,3.96,33.1,0,0,2008/09
64,Harbhajan Singh,INDIA,10,9,68.0,2,360,12,3/27,30.00,5.29,34.0,0,0,2008/09
65,MF Maharoof,SL,12,12,86.4,3,460,12,3/26,38.33,5.30,43.3,0,0,2008/09
66,T Mupariwa,ZIM,10,10,71.5,5,296,12,4/39,24.66,4.12,35.9,1,0,2008/09
67,DBL Powell,WI,8,8,65.0,0,340,12,3/25,28.33,5.23,32.5,0,0,2008/09
68,BW Hilfenhaus,AUS,8,8,69.2,5,393,11,2/43,35.72,5.66,37.8,0,0,2008/09
69,Naeem Islam,BDESH,11,11,88.1,3,391,11,3/32,35.54,4.43,48.0,0,0,2008/09
70,NN Odhiambo,KENYA,7,7,58.0,7,374,11,3/56,34.00,6.44,31.6,0,0,2008/09
71,EC Rainsford,ZIM,10,10,71.5,9,258,11,3/22,23.45,3.59,39.1,0,0,2008/09
72,DL Vettori,NZ,17,16,126.0,4,525,11,4/20,47.72,4.16,68.7,1,0,2008/09
73,LS Baker,WI,9,8,62.0,6,293,10,3/47,29.30,4.72,37.2,0,0,2008/09
74,JP Duminy,SA,14,11,57.1,1,254,10,3/31,25.40,4.44,34.3,0,0,2008/09
75,A Flintoff,ENG,8,8,61.0,0,306,10,5/19,30.60,5.01,36.6,0,1,2008/09
76,Iftikhar Anjum,PAK,5,5,41.2,2,237,10,4/42,23.70,5.73,24.8,2,0,2008/09
77,M Morkel,SA,8,8,76.0,1,393,10,2/44,39.30,5.17,45.6,0,0,2008/09
78,KA Pollard,WI,9,7,42.2,0,225,10,2/16,22.50,5.31,25.4,0,0,2008/09
79,TG Southee,NZ,14,14,117.0,3,652,10,2/33,65.20,5.57,70.2,0,0,2008/09
80,SR Watson,AUS,23,19,141.0,5,709,32,4/36,22.15,5.02,26.4,1,0,2009/10
81,MG Johnson,AUS,20,18,168.5,9,859,30,4/51,28.63,5.08,33.7,1,0,2009/10
82,DE Bollinger,AUS,17,17,138.0,17,621,28,5/35,22.17,4.50,29.5,1,1,2009/10
83,RJ Harris,AUS,11,10,88.1,9,396,28,5/19,14.14,4.49,18.8,0,2,2009/10
84,A Nehra,INDIA,20,20,156.4,4,975,28,4/55,34.82,6.22,33.5,1,0,2009/10
85,NM Hauritz,AUS,25,23,183.5,6,886,24,3/28,36.91,4.81,45.9,0,0,2009/10
86,DL Vettori,NZ,14,14,128.1,8,484,24,3/33,20.16,3.77,32.0,0,0,2009/10
87,AG Cremer,ZIM,17,17,137.0,4,641,23,6/46,27.86,4.67,35.7,0,1,2009/10
88,Harbhajan Singh,INDIA,17,17,159.0,4,764,23,3/47,33.21,4.80,41.4,0,0,2009/10
89,CJ McKay,AUS,10,10,87.4,10,403,22,4/35,18.31,4.59,23.9,1,0,2009/10
90,RW Price,ZIM,17,17,146.2,16,567,21,3/44,27.00,3.87,41.8,0,0,2009/10
91,Abdur Razzak,BDESH,12,12,105.0,3,489,20,5/29,24.45,4.65,31.5,0,1,2009/10
92,SE Bond,NZ,13,13,121.3,13,581,19,4/26,30.57,4.78,38.3,1,0,2009/10
93,SCJ Broad,ENG,7,7,63.0,3,336,19,4/39,17.68,5.33,19.8,2,0,2009/10
94,WD Parnell,SA,7,7,62.3,3,438,19,5/48,23.05,7.00,19.7,0,2,2009/10
95,Shakib Al Hasan,BDESH,15,15,132.5,9,542,19,4/33,28.52,4.08,41.9,1,0,2009/10
96,P Utseya,ZIM,13,13,110.5,7,496,18,4/46,27.55,4.47,36.9,1,0,2009/10
97,RA Jadeja,INDIA,19,18,143.3,7,692,17,4/32,40.70,4.82,50.6,1,0,2009/10
98,Saeed Ajmal,PAK,11,11,97.4,2,425,17,4/33,25.00,4.35,34.4,1,0,2009/10
99,NN Odhiambo,KENYA,7,7,63.5,0,350,16,4/61,21.87,5.48,23.9,1,0,2009/10
100,R Rampaul,WI,10,10,81.5,5,413,16,4/61,25.81,5.04,30.6,1,0,2009/10
101,DJG Sammy,WI,12,12,104.0,9,398,16,4/26,24.87,3.82,39.0,1,0,2009/10
102,Shahid Afridi,PAK,12,12,118.3,1,525,16,2/31,32.81,4.43,44.4,0,0,2009/10
103,JM Anderson,ENG,7,7,65.2,5,301,15,5/23,20.06,4.60,26.1,0,1,2009/10
104,NO Miller,WI,14,13,104.2,7,443,14,4/43,31.64,4.24,44.7,1,0,2009/10
105,Mohammad Amir,PAK,8,8,68.3,4,304,14,3/24,21.71,4.43,29.3,0,0,2009/10
106,KAJ Roach,WI,8,8,67.1,3,314,13,3/28,24.15,4.67,31.0,0,0,2009/10
107,TG Southee,NZ,10,10,87.1,4,456,13,4/36,35.07,5.23,40.2,1,0,2009/10
108,Umar Gul,PAK,9,9,75.5,8,449,13,3/28,34.53,5.92,35.0,0,0,2009/10
109,UWMBCA Welegedara,SL,8,7,60.4,3,360,13,5/66,27.69,5.93,28.0,0,1,2009/10
110,E Chigumbura,ZIM,15,14,75.0,3,443,12,3/27,36.91,5.90,37.5,0,0,2009/10
111,KMDN Kulasekara,SL,8,8,71.0,3,392,12,4/48,32.66,5.52,35.5,1,0,2009/10
112,KD Mills,NZ,7,7,68.1,6,325,12,3/27,27.08,4.76,34.0,0,0,2009/10
113,TT Bresnan,ENG,7,7,64.0,3,300,11,4/28,27.27,4.68,34.9,1,0,2009/10
114,P Kumar,INDIA,12,12,90.2,5,497,11,3/22,45.18,5.50,49.2,0,0,2009/10
115,Naeem Islam,BDESH,15,14,74.5,0,426,11,3/49,38.72,5.69,40.8,0,0,2009/10
116,Shafiul Islam,BDESH,8,8,53.5,2,366,11,4/68,33.27,6.79,29.3,1,0,2009/10
117,PM Siddle,AUS,12,11,89.0,6,414,11,3/55,37.63,4.65,48.5,0,0,2009/10
118,DW Steyn,SA,9,9,82.5,5,467,11,3/37,42.45,5.63,45.1,0,0,2009/10
119,KM Jarvis,ZIM,9,9,68.5,1,422,10,3/36,42.20,6.13,41.3,0,0,2009/10
120,Z Khan,INDIA,16,16,143.5,8,691,32,3/20,21.59,4.80,26.9,0,0,2010/11
121,Shahid Afridi,PAK,19,18,165.5,4,728,31,5/16,23.48,4.38,32.0,2,2,2010/11
122,M Morkel,SA,16,16,122.2,2,555,29,4/47,19.13,4.53,25.3,2,0,2010/11
123,Shakib Al Hasan,BDESH,14,14,121.2,2,589,28,4/39,21.03,4.85,26.0,2,0,2010/11
124,TG Southee,NZ,18,17,136.5,9,683,26,5/33,26.26,4.99,31.5,0,1,2010/11
125,Abdur Razzak,BDESH,14,14,125.2,13,486,25,5/30,19.44,3.87,30.0,2,1,2010/11
126,Yuvraj Singh,INDIA,20,19,138.0,3,686,25,5/31,27.44,4.97,33.1,0,1,2010/11
127,B Lee,AUS,13,13,104.2,7,499,24,4/28,20.79,4.78,26.0,2,0,2010/11
128,MM Patel,INDIA,17,17,135.5,4,669,24,4/29,27.87,4.92,33.9,2,0,2010/11
129,LL Tsotsobe,SA,12,12,99.0,10,393,24,4/22,16.37,3.96,24.7,3,0,2010/11
130,DW Steyn,SA,13,13,102.3,6,460,23,5/50,20.00,4.48,26.7,0,1,2010/11
131,KD Mills,NZ,15,15,112.3,7,573,22,3/36,26.04,5.09,30.6,0,0,2010/11
132,RJ Peterson,SA,12,12,96.5,5,454,22,4/12,20.63,4.68,26.4,1,0,2010/11
133,SL Malinga,SL,12,11,92.2,0,455,21,6/38,21.66,4.92,26.3,0,1,2010/11
134,Wahab Riaz,PAK,13,12,97.4,2,517,21,5/46,24.61,5.29,27.9,0,1,2010/11
135,HK Bennett,NZ,12,11,81.2,1,435,20,4/16,21.75,5.34,24.4,2,0,2010/11
136,M Muralitharan,SL,13,12,107.0,3,441,19,4/25,23.21,4.12,33.7,1,0,2010/11
137,Mohammad Hafeez,PAK,19,17,122.0,4,515,18,2/16,28.61,4.22,40.6,0,0,2010/11
138,Umar Gul,PAK,14,13,100.0,5,475,18,3/30,26.38,4.75,33.3,0,0,2010/11
139,J Botha,SA,17,17,143.1,2,647,17,2/32,38.05,4.51,50.5,0,0,2010/11
140,MG Johnson,AUS,14,14,108.1,9,502,17,4/19,29.52,4.64,38.1,2,0,2010/11
141,CB Mpofu,ZIM,11,11,86.0,4,457,17,4/62,26.88,5.31,30.3,1,0,2010/11
142,JDP Oram,NZ,10,10,79.1,6,363,17,4/39,21.35,4.58,27.9,1,0,2010/11
143,NLTC Perera,SL,8,8,60.4,3,314,17,5/46,18.47,5.17,21.4,0,1,2010/11
144,R Ashwin,INDIA,8,8,76.0,3,368,16,3/24,23.00,4.84,28.5,0,0,2010/11
145,SJ Benn,WI,7,7,57.5,4,276,16,4/18,17.25,4.77,21.6,3,0,2010/11
146,SW Tait,AUS,10,10,75.5,4,401,16,3/35,25.06,5.28,28.4,0,0,2010/11
147,NL McCullum,NZ,21,20,142.5,2,668,15,3/24,44.53,4.67,57.1,0,0,2010/11
148,RW Price,ZIM,10,10,88.0,11,305,15,3/16,20.33,3.46,35.2,0,0,2010/11
149,P Utseya,ZIM,16,16,146.0,4,637,15,4/38,42.46,4.36,58.4,1,0,2010/11
150,GH Dockrell,IRE,9,9,76.4,3,322,14,3/27,23.00,4.20,32.8,0,0,2010/11
151,Imran Tahir,SA,5,5,39.3,2,150,14,4/38,10.71,3.79,16.9,2,0,2010/11
152,Shafiul Islam,BDESH,13,13,81.0,5,389,14,4/21,27.78,4.80,34.7,2,0,2010/11
153,DL Vettori,NZ,17,15,132.0,5,513,14,3/32,36.64,3.88,56.5,0,0,2010/11
154,HS Baidwan,Can,6,6,55.0,3,307,13,3/35,23.61,5.58,25.3,0,0,2010/11
155,TT Bresnan,ENG,9,9,82.0,6,417,13,5/48,32.07,5.08,37.8,0,1,2010/11
156,Harbhajan Singh,INDIA,14,14,134.0,3,595,13,3/53,45.76,4.44,61.8,0,0,2010/11
157,AJ McKay,NZ,8,8,64.2,2,376,13,4/62,28.92,5.84,29.6,1,0,2010/11
158,JF Mooney,IRE,9,9,57.0,1,307,13,4/63,23.61,5.38,26.3,1,0,2010/11
159,A Nehra,INDIA,13,13,99.4,6,582,13,2/33,44.76,5.83,46.0,0,0,2010/11
160,SL Malinga,SL,23,23,205.0,8,1146,36,5/54,31.83,5.59,34.1,1,1,2011/12
161,Saeed Ajmal,PAK,17,17,155.4,15,623,33,5/43,18.87,4.00,28.3,0,1,2011/12
162,Shahid Afridi,PAK,17,17,149.2,3,700,29,5/23,24.13,4.68,30.8,0,3,2011/12
163,R Ashwin,INDIA,19,19,179.1,3,853,26,3/28,32.80,4.76,41.3,0,0,2011/12
164,XJ Doherty,AUS,19,19,160.5,6,761,25,4/49,30.44,4.73,38.6,1,0,2011/12
165,RA Jadeja,INDIA,20,19,160.4,5,791,24,4/33,32.95,4.92,40.1,1,0,2011/12
166,KAJ Roach,WI,13,13,117.3,5,612,24,3/46,25.50,5.20,29.3,0,0,2011/12
167,R Vinay Kumar,INDIA,16,16,125.0,10,667,23,4/30,29.00,5.33,32.6,1,0,2011/12
168,CJ McKay,AUS,13,13,106.3,8,504,22,5/28,22.90,4.73,29.0,1,1,2011/12
169,ST Finn,ENG,9,9,88.0,5,387,21,4/34,18.42,4.39,25.1,2,0,2011/12
170,B Lee,AUS,12,12,103.0,8,567,20,3/42,28.35,5.50,30.9,0,0,2011/12
171,M Morkel,SA,10,10,85.1,7,408,20,5/38,20.40,4.79,25.5,2,1,2011/12
172,Umar Gul,PAK,16,16,115.5,10,598,20,4/36,29.90,5.16,34.7,1,0,2011/12
173,LL Tsotsobe,SA,11,11,92.0,6,432,19,3/19,22.73,4.69,29.0,0,0,2011/12
174,KMDN Kulasekara,SL,19,19,166.4,5,843,16,3/40,52.68,5.05,62.5,0,0,2011/12
175,Shakib Al Hasan,BDESH,10,10,94.4,8,385,16,4/16,24.06,4.06,35.5,1,0,2011/12
176,Aizaz Cheema,PAK,10,10,72.2,2,419,15,4/43,27.93,5.79,28.9,1,0,2011/12
177,DT Christian,AUS,14,14,83.1,4,396,15,5/31,26.40,4.76,33.2,0,1,2011/12
178,NLTC Perera,SL,13,13,87.0,5,491,15,4/37,32.73,5.64,34.8,1,0,2011/12
179,SR Watson,AUS,12,12,88.3,9,350,15,3/30,23.33,3.95,35.4,0,0,2011/12
180,UT Yadav,INDIA,12,12,98.2,3,598,15,3/38,39.86,6.08,39.3,0,0,2011/12
181,Mohammad Hafeez,PAK,17,17,144.0,12,480,14,3/27,34.28,3.33,61.7,0,0,2011/12
182,SP Narine,WI,8,8,73.5,3,280,14,4/27,20.00,3.79,31.6,1,0,2011/12
183,IK Pathan,INDIA,8,8,70.1,3,385,13,4/32,29.61,5.48,32.3,1,0,2011/12
184,P Kumar,INDIA,12,12,102.0,4,579,12,3/56,48.25,5.67,51.0,0,0,2011/12
185,MF Maharoof,SL,10,10,83.0,2,432,12,3/40,36.00,5.20,41.5,0,0,2011/12
186,AD Russell,WI,13,12,83.1,2,460,12,4/61,38.33,5.53,41.5,1,0,2011/12
187,Abdur Razzak,BDESH,9,9,79.0,7,344,10,3/21,34.40,4.35,47.4,0,0,2011/12
188,BW Hilfenhaus,AUS,7,7,56.5,4,288,10,5/33,28.80,5.06,34.1,0,1,2011/12
189,RJ Peterson,SA,8,8,64.0,2,303,10,2/5,30.30,4.73,38.4,0,0,2011/12
190,R Rampaul,WI,5,5,47.5,2,247,10,4/57,24.70,5.16,28.7,1,0,2011/12
191,MN Samuels,WI,13,13,104.0,2,464,10,2/29,46.40,4.46,62.4,0,0,2011/12
192,DW Steyn,SA,9,9,74.0,4,367,10,2/48,36.70,4.95,44.4,0,0,2011/12
193,HMRKB Herath,SL,13,13,105.0,2,470,9,3/36,52.22,4.47,70.0,0,0,2011/12
194,RJ Nicol,NZ,9,8,30.3,0,181,9,4/19,20.11,5.93,20.3,1,0,2011/12
195,JDP Oram,NZ,4,4,33.5,1,138,9,3/29,15.33,4.07,22.5,0,0,2011/12
196,SR Patel,ENG,9,9,63.1,2,351,9,3/26,39.00,5.55,42.1,0,0,2011/12
197,AD Mathews,SL,18,14,69.4,3,326,8,2/31,40.75,4.67,52.2,0,0,2011/12
198,KD Mills,NZ,6,6,47.2,6,191,8,3/26,23.87,4.03,35.5,0,0,2011/12
199,KTGD Prasad,SL,5,5,41.1,0,237,8,3/46,29.62,5.75,30.8,0,0,2011/12
200,SP Narine,WI,13,13,119.0,11,492,19,4/37,25.89,4.13,37.5,1,0,2012/13
201,R McLaren,SA,8,8,68.4,0,342,18,4/46,19.00,4.98,22.8,2,0,2012/13
202,CJ McKay,AUS,10,10,80.2,6,368,17,4/33,21.64,4.58,28.3,1,0,2012/13
203,SL Malinga,SL,12,10,85.0,7,386,17,3/14,22.70,4.54,30.0,0,0,2012/13
204,KMDN Kulasekara,SL,11,10,84.0,9,394,16,5/22,24.62,4.69,31.5,0,1,2012/13
205,Saeed Ajmal,PAK,8,8,78.0,4,300,16,5/24,18.75,3.84,29.2,0,1,2012/13
206,Abdur Razzak,BDESH,8,7,63.0,3,289,15,5/62,19.26,4.58,25.2,0,1,2012/13
207,Junaid Khan,PAK,8,8,68.0,8,304,15,4/43,20.26,4.47,27.2,1,0,2012/13
208,DJ Bravo,WI,8,7,57.0,2,324,14,6/43,23.14,5.68,24.4,0,1,2012/13
209,MG Johnson,AUS,9,8,65.0,4,291,14,3/11,20.78,4.47,27.8,0,0,2012/13
210,Mohammad Irfan,PAK,7,7,59.0,5,283,14,4/33,20.21,4.79,25.2,1,0,2012/13
211,MA Starc,AUS,7,7,45.1,3,201,14,5/20,14.35,4.45,19.3,0,2,2012/13
212,LL Tsotsobe,SA,8,8,72.4,10,382,14,4/45,27.28,5.25,31.1,1,0,2012/13
213,RA Jadeja,INDIA,7,7,60.4,6,202,13,3/19,15.53,3.32,28.0,0,0,2012/13
214,ST Finn,ENG,8,8,78.1,8,344,12,3/27,28.66,4.40,39.0,0,0,2012/13
215,KAJ Roach,WI,10,10,80.0,6,430,12,5/56,35.83,5.37,40.0,0,1,2012/13
216,I Sharma,INDIA,8,8,70.2,7,336,12,3/34,28.00,4.77,35.1,0,0,2012/13
217,DJG Sammy,WI,10,9,65.1,3,311,11,3/28,28.27,4.77,35.5,0,0,2012/13
218,Sohag Gazi,BDESH,8,7,63.4,9,254,11,4/29,23.09,3.98,34.7,1,0,2012/13
219,JC Tredwell,ENG,5,5,47.0,2,200,11,4/44,18.18,4.25,25.6,1,0,2012/13
220,R Ashwin,INDIA,8,8,76.0,1,380,10,3/39,38.00,5.00,45.6,0,0,2012/13
221,RK Kleinveldt,SA,6,6,53.3,6,276,10,4/22,27.60,5.15,32.1,1,0,2012/13
222,MJ McClenaghan,NZ,4,4,39.4,2,197,10,4/20,19.70,4.96,23.8,2,0,2012/13
223,AD Mathews,SL,12,10,71.0,3,321,10,2/24,32.10,4.52,42.6,0,0,2012/13
224,B Kumar,INDIA,8,8,74.0,12,315,9,3/29,35.00,4.25,49.3,0,0,2012/13
225,Mahmudullah,BDESH,8,7,54.0,2,241,9,3/46,26.77,4.46,36.0,0,0,2012/13
226,KD Mills,NZ,8,8,62.2,5,300,9,2/28,33.33,4.81,41.5,0,0,2012/13
227,TG Southee,NZ,6,6,42.3,3,218,9,3/18,24.22,5.12,28.3,0,0,2012/13
228,JP Faulkner,AUS,5,5,40.1,3,211,8,4/48,26.37,5.25,30.1,1,0,2012/13
229,NLTC Perera,SL,12,10,61.0,0,364,8,2/40,45.50,5.96,45.7,0,0,2012/13
230,CR Woakes,ENG,5,5,47.0,1,259,8,3/68,32.37,5.51,35.2,0,0,2012/13
231,JM Anderson,ENG,3,3,26.5,4,104,7,5/34,14.85,3.87,23.0,0,1,2012/13
232,TL Best,WI,5,5,48.5,2,238,7,2/38,34.00,4.87,41.8,0,0,2012/13
233,TT Bresnan,ENG,4,4,34.4,4,202,7,4/45,28.85,5.82,29.7,1,0,2012/13
234,JEC Franklin,NZ,10,8,45.3,1,248,7,3/38,35.42,5.45,39.0,0,0,2012/13
235,Mohammad Hafeez,PAK,8,8,69.0,2,294,7,2/35,42.00,4.26,59.1,0,0,2012/13
236,V Permaul,WI,4,4,37.0,0,154,7,3/40,22.00,4.16,31.7,0,0,2012/13
237,RJ Peterson,SA,7,7,62.0,1,329,7,2/46,47.00,5.30,53.1,0,0,2012/13
238,KS Williamson,NZ,10,6,29.4,0,144,7,4/22,20.57,4.85,25.4,1,0,2012/13
239,AM Ellis,NZ,5,4,28.0,0,147,6,2/22,24.50,5.25,28.0,0,0,2012/13
240,Mohammed Shami,INDIA,18,18,156.3,8,1023,40,4/50,25.57,6.53,23.4,2,0,2013/14
241,Saeed Ajmal,PAK,18,18,174.5,10,702,36,4/30,19.50,4.01,29.1,2,0,2013/14
242,R Ashwin,INDIA,21,21,197.3,5,1022,26,3/31,39.30,5.17,45.5,0,0,2013/14
243,RA Jadeja,INDIA,21,21,200.0,6,1003,25,4/30,40.12,5.01,48.0,1,0,2013/14
244,Junaid Khan,PAK,13,13,106.5,1,565,22,3/31,25.68,5.28,29.1,0,0,2013/14
245,SL Malinga,SL,14,14,108.1,4,644,21,5/52,30.66,5.95,30.9,1,2,2013/14
246,DW Steyn,SA,6,6,52.0,7,170,21,6/39,8.09,3.26,14.8,0,2,2013/14
247,CJ Anderson,NZ,11,10,75.2,4,461,19,5/63,24.26,6.11,23.7,1,1,2013/14
248,MJ McClenaghan,NZ,12,12,96.3,2,617,19,5/58,32.47,6.39,30.4,1,1,2013/14
249,Shahid Afridi,PAK,16,16,131.2,1,629,19,3/26,33.10,4.78,41.4,0,0,2013/14
250,DJ Bravo,WI,11,11,85.4,1,466,18,4/44,25.88,5.43,28.5,1,0,2013/14
251,JP Faulkner,AUS,11,10,90.3,0,600,18,4/67,33.33,6.62,30.1,1,0,2013/14
252,Rubel Hossain,BDESH,9,9,74.5,2,442,16,6/26,27.62,5.90,28.0,0,1,2013/14
253,R McLaren,SA,10,9,68.2,2,352,15,4/34,23.46,5.15,27.3,1,0,2013/14
254,TT Bresnan,ENG,8,8,67.3,3,384,14,3/45,27.42,5.68,28.9,0,0,2013/14
255,RAS Lakmal,SL,8,8,72.3,8,356,14,3/42,25.42,4.91,31.0,0,0,2013/14
256,Mohammad Hafeez,PAK,17,17,138.2,1,613,14,3/29,43.78,4.43,59.2,0,0,2013/14
257,JO Holder,WI,9,9,63.1,4,381,13,3/34,29.30,6.03,29.1,0,0,2013/14
258,KD Mills,NZ,12,12,87.0,10,447,13,3/49,34.38,5.13,40.1,0,0,2013/14
259,M Morkel,SA,7,7,62.3,5,242,13,3/38,18.61,3.87,28.8,0,0,2013/14
260,JDS Neesham,NZ,8,8,50.4,0,306,13,4/42,23.53,6.03,23.3,2,0,2013/14
261,SMSM Senanayake,SL,15,14,122.0,4,575,13,3/41,44.23,4.71,56.3,0,0,2013/14
262,Imran Tahir,SA,8,7,63.0,4,296,12,4/53,24.66,4.69,31.5,1,0,2013/14
263,B Kumar,INDIA,18,18,153.2,9,832,12,2/56,69.33,5.42,76.6,0,0,2013/14
264,BAW Mendis,SL,5,5,44.0,3,211,12,4/60,17.58,4.79,22.0,1,0,2013/14
265,NLTC Perera,SL,12,11,81.2,4,444,12,3/29,37.00,5.45,40.6,0,0,2013/14
266,R Rampaul,WI,8,8,68.0,1,393,12,4/60,32.75,5.77,34.0,1,0,2013/14
267,Umar Gul,PAK,8,8,62.3,2,362,12,3/19,30.16,5.79,31.2,0,0,2013/14
268,TG Southee,NZ,8,8,73.4,8,389,11,4/72,35.36,5.28,40.1,1,0,2013/14
269,LL Tsotsobe,SA,10,9,80.1,8,340,11,4/25,30.90,4.24,43.7,1,0,2013/14
270,NM Coulter-Nile,AUS,6,6,59.0,1,329,10,3/34,32.90,5.57,35.4,0,0,2013/14
271,CJ McKay,AUS,9,9,75.0,1,439,10,3/36,43.90,5.85,45.0,0,0,2013/14
272,NO Miller,WI,6,6,54.0,2,242,10,4/45,24.20,4.48,32.4,1,0,2013/14
273,BA Stokes,ENG,8,7,48.0,1,276,10,4/38,27.60,5.75,28.8,1,0,2013/14
274,NL McCullum,NZ,15,14,108.0,1,519,9,2/13,57.66,4.80,72.0,0,0,2013/14
275,Mohammad Irfan,PAK,5,5,48.0,1,237,9,3/46,26.33,4.93,32.0,0,0,2013/14
276,SP Narine,WI,10,10,89.5,8,397,9,2/36,44.11,4.41,59.8,0,0,2013/14
277,SCJ Broad,ENG,6,6,51.0,3,266,8,3/31,33.25,5.21,38.2,0,0,2013/14
278,Hamid Hassan,AFG,3,3,23.1,6,56,8,4/19,7.00,2.41,17.3,1,0,2013/14
279,MG Johnson,AUS,7,7,61.1,2,365,8,4/46,45.62,5.96,45.8,1,0,2013/14
280,MA Starc,AUS,17,17,141.4,8,585,40,6/28,14.62,4.12,21.2,3,2,2014/15
281,TA Boult,NZ,17,17,160.1,20,714,34,5/27,21.00,4.45,28.2,2,1,2014/15
282,M Morkel,SA,19,18,154.1,8,775,34,5/21,22.79,5.02,27.2,0,1,2014/15
283,UT Yadav,INDIA,16,16,131.4,9,673,33,4/31,20.39,5.11,23.9,3,0,2014/15
284,CJ Anderson,NZ,23,22,120.1,3,776,31,4/52,25.03,6.45,23.2,1,0,2014/15
285,Mohammed Shami,INDIA,14,13,109.5,8,566,29,4/35,19.51,5.15,22.7,3,0,2014/15
286,Imran Tahir,SA,16,16,143.0,6,641,28,5/45,22.89,4.48,30.6,2,1,2014/15
287,MG Johnson,AUS,13,13,105.3,7,502,27,4/22,18.59,4.75,23.4,1,0,2014/15
288,DW Steyn,SA,17,17,143.0,12,683,27,3/27,25.29,4.77,31.7,0,0,2014/15
289,CR Woakes,ENG,17,17,139.4,4,857,27,6/47,31.74,6.13,31.0,1,1,2014/15
290,TG Southee,NZ,16,15,134.2,9,754,26,7/33,29.00,5.61,31.0,0,1,2014/15
291,JE Taylor,WI,13,13,110.5,3,682,25,3/15,27.28,6.15,26.6,0,0,2014/15
292,ST Finn,ENG,14,14,112.4,6,654,24,5/33,27.25,5.80,28.1,0,2,2014/15
293,Mohammad Irfan,PAK,15,15,136.2,9,684,23,4/30,29.73,5.01,35.5,1,0,2014/15
294,TM Dilshan,SL,26,24,140.3,0,728,22,3/37,33.09,5.18,38.3,0,0,2014/15
295,JP Faulkner,AUS,16,16,112.2,4,574,22,3/36,26.09,5.10,30.6,0,0,2014/15
296,VD Philander,SA,13,12,96.0,7,471,22,4/45,21.40,4.90,26.1,1,0,2014/15
297,JH Davey,SCOT,9,8,65.3,5,385,21,6/28,18.33,5.87,18.7,1,1,2014/15
298,DL Vettori,NZ,20,19,171.5,7,728,21,4/18,34.66,4.23,49.0,1,0,2014/15
299,Wahab Riaz,PAK,12,12,105.3,4,607,21,4/45,28.90,5.75,30.1,1,0,2014/15
300,R Ashwin,INDIA,13,13,125.0,8,584,20,4/25,29.20,4.67,37.5,1,0,2014/15
301,AD Russell,WI,15,15,111.0,6,715,20,3/33,35.75,6.44,33.3,0,0,2014/15
302,Hamid Hassan,AFG,11,11,92.3,4,469,19,5/45,24.68,5.07,29.2,0,1,2014/15
303,MJ Henry,NZ,9,8,72.5,4,372,19,5/30,19.57,5.10,23.0,1,1,2014/15
304,GJ Maxwell,AUS,20,19,100.1,3,551,19,4/46,29.00,5.50,31.6,1,0,2014/15
305,Shakib Al Hasan,BDESH,11,11,99.4,6,434,19,4/41,22.84,4.35,31.4,2,0,2014/15
306,JR Hazlewood,AUS,11,11,92.1,10,398,18,5/31,22.11,4.31,30.7,1,1,2014/15
307,JO Holder,WI,13,13,109.0,9,690,18,4/27,38.33,6.33,36.3,2,0,2014/15
308,MJ McClenaghan,NZ,13,12,101.3,2,611,18,4/36,33.94,6.01,33.8,1,0,2014/15
309,AD Mathews,SL,23,20,103.3,7,520,17,3/21,30.58,5.02,36.5,0,0,2014/15
310,AF Milne,NZ,15,15,118.5,4,584,17,2/28,34.35,4.91,41.9,0,0,2014/15
311,Shahid Afridi,PAK,17,17,156.2,4,703,17,3/37,41.35,4.49,55.1,0,0,2014/15
312,MM Ali,ENG,17,16,148.0,0,720,16,2/35,45.00,4.86,55.5,0,0,2014/15
313,TL Chatara,ZIM,10,10,99.4,8,531,16,3/35,33.18,5.32,37.3,0,0,2014/15
314,RA Jadeja,INDIA,14,13,114.3,1,665,16,3/44,41.56,5.80,42.9,0,0,2014/15
315,Mashrafe Mortaza,BDESH,10,10,83.0,6,398,16,3/20,24.87,4.79,31.1,0,0,2014/15
316,NLTC Perera,SL,25,25,143.4,1,957,16,3/44,59.81,6.66,53.8,0,0,2014/15
317,CJ Jordan,ENG,8,8,68.2,2,365,15,2/13,24.33,5.34,27.3,0,0,2014/15
318,AR Patel,INDIA,10,9,80.4,4,341,15,3/40,22.73,4.22,32.2,0,0,2014/15
319,MM Sharma,INDIA,10,10,82.0,5,411,15,3/48,27.40,5.01,32.8,0,0,2014/15
320,LM Jongwe,ZIM,19,19,130.5,11,664,25,5/6,26.56,5.07,31.4,0,1,2015/16
321,MJ Henry,NZ,9,8,73.4,5,367,23,5/40,15.95,4.98,19.2,2,1,2015/16
322,Amir Hamza,AFG,10,10,92.4,11,357,20,4/17,17.85,3.85,27.8,1,0,2015/16
323,Dawlat Zadran,AFG,10,10,83.1,6,369,19,4/22,19.42,4.43,26.2,1,0,2015/16
324,K Rabada,SA,9,9,84.5,3,420,19,4/41,22.10,4.95,26.7,2,0,2015/16
325,RJW Topley,ENG,9,9,71.5,5,377,16,4/50,23.56,5.24,26.9,1,0,2015/16
326,AG Cremer,ZIM,10,10,77.3,5,336,15,5/20,22.40,4.33,31.0,0,1,2015/16
327,Imran Tahir,SA,10,10,94.0,2,550,15,3/46,36.66,5.85,37.6,0,0,2015/16
328,WP Masakadza,ZIM,10,10,88.1,7,376,15,4/21,25.06,4.26,35.2,1,0,2015/16
329,T Panyangara,ZIM,13,13,108.0,8,495,15,3/41,33.00,4.58,43.2,0,0,2015/16
330,TA Boult,NZ,5,5,42.4,1,247,13,4/40,19.00,5.78,19.6,1,0,2015/16
331,JW Hastings,AUS,7,7,65.3,2,338,13,4/58,26.00,5.16,30.2,1,0,2015/16
332,Sikandar Raza,ZIM,19,12,84.0,5,372,13,3/40,28.61,4.42,38.7,0,0,2015/16
333,Mohammad Irfan,PAK,9,9,77.0,5,374,12,3/35,31.16,4.85,38.5,0,0,2015/16
334,MM Ali,ENG,9,9,79.4,2,400,11,3/43,36.36,5.02,43.4,0,0,2015/16
335,TS Chisoro,ZIM,8,8,61.0,4,247,11,3/16,22.45,4.04,33.2,0,0,2015/16
336,M Morkel,SA,6,6,58.2,1,296,11,4/39,26.90,5.07,31.8,1,0,2015/16
337,Rashid Khan,AFG,7,7,67.1,3,274,11,3/43,24.90,4.07,36.6,0,0,2015/16
338,MR Marsh,AUS,7,7,49.0,0,296,10,3/34,29.60,6.04,29.4,0,0,2015/16
339,Mohammad Nabi,AFG,10,10,74.0,1,306,10,3/15,30.60,4.13,44.4,0,0,2015/16
340,DW Steyn,SA,5,5,47.0,0,267,10,3/38,26.70,5.68,28.2,0,0,2015/16
341,UT Yadav,INDIA,7,7,65.5,1,468,10,3/67,46.80,7.10,39.5,0,0,2015/16
342,KJ Abbott,SA,5,5,44.0,2,232,9,3/58,25.77,5.27,29.3,0,0,2015/16
343,Mirwais Ashraf,AFG,7,7,52.1,4,183,9,3/20,20.33,3.50,34.7,0,0,2015/16
344,Nadeem Ahmed,HKG,3,3,25.1,1,94,9,4/26,10.44,3.73,16.7,1,0,2015/16
345,AU Rashid,ENG,9,9,80.2,1,448,9,3/78,49.77,5.57,53.5,0,0,2015/16
346,I Sharma,INDIA,4,4,40.0,0,250,9,4/77,27.77,6.25,26.6,1,0,2015/16
347,CR Woakes,ENG,6,6,47.3,2,233,9,4/33,25.88,4.90,31.6,2,0,2015/16
348,JR Hazlewood,AUS,4,4,40.0,1,215,8,3/61,26.87,5.37,30.0,0,0,2015/16
349,Mustafizur Rahman,BDESH,3,3,22.0,0,94,8,5/34,11.75,4.27,16.5,0,1,2015/16
350,MJ Santner,NZ,9,8,51.2,1,289,8,3/47,36.12,5.62,38.5,0,0,2015/16
351,Shoaib Malik,PAK,8,8,49.5,0,289,8,3/30,36.12,5.79,37.3,0,0,2015/16
352,Wahab Riaz,PAK,9,9,73.2,2,388,8,4/63,48.50,5.29,55.0,1,0,2015/16
353,Yasir Shah,PAK,5,5,44.0,0,221,8,6/26,27.62,5.02,33.0,0,1,2015/16
354,CJ Chibhabha,ZIM,18,11,57.0,4,224,7,4/25,32.00,3.92,48.8,1,0,2015/16
355,JP Faulkner,AUS,6,6,57.0,0,356,7,2/60,50.85,6.24,48.8,0,0,2015/16
356,B Kumar,INDIA,7,7,65.4,1,458,7,3/41,65.42,6.97,56.2,0,0,2015/16
357,N Madziva,ZIM,3,3,20.4,2,110,7,3/27,15.71,5.32,17.7,0,0,2015/16
358,AF Milne,NZ,8,7,58.1,0,329,7,3/49,47.00,5.65,49.8,0,0,2015/16
359,T Muzarabani,ZIM,6,6,44.5,2,231,7,2/32,33.00,5.15,38.4,0,0,2015/16
360,Rashid Khan,AFG,13,13,103.4,5,431,33,6/43,13.06,4.15,18.8,2,1,2016/17
361,TA Boult,NZ,16,16,152.4,6,807,28,6/33,28.82,5.28,32.7,0,1,2016/17
362,Imran Tahir,SA,14,14,126.1,8,575,22,3/26,26.13,4.55,34.4,0,0,2016/17
363,Mashrafe Mortaza,BDESH,12,12,108.4,7,521,21,4/29,24.80,4.79,31.0,1,0,2016/17
364,Mohammad Nabi,AFG,13,13,108.1,6,459,21,4/30,21.85,4.24,30.9,1,0,2016/17
365,WD Parnell,SA,10,10,76.1,3,449,20,4/58,22.45,5.89,22.8,1,0,2016/17
366,K Rabada,SA,14,14,116.1,5,648,20,3/25,32.40,5.57,34.8,0,0,2016/17
367,MJ Santner,NZ,18,18,161.0,2,700,20,3/44,35.00,4.34,48.3,0,0,2016/17
368,TG Southee,NZ,17,17,161.1,8,894,20,3/40,44.70,5.54,48.3,0,0,2016/17
369,Taskin Ahmed,BDESH,12,12,94.3,2,547,20,4/47,27.35,5.78,28.3,2,0,2016/17
370,MA Starc,AUS,9,9,81.1,7,407,19,4/42,21.42,5.01,25.6,1,0,2016/17
371,PJ Cummins,AUS,10,10,89.5,2,471,18,4/41,26.16,5.24,29.9,1,0,2016/17
372,Dawlat Zadran,AFG,11,11,86.2,5,481,17,4/53,28.29,5.57,30.4,2,0,2016/17
373,JR Hazlewood,AUS,9,9,84.5,4,397,16,3/32,24.81,4.67,31.8,0,0,2016/17
374,JO Holder,WI,10,10,92.0,3,460,16,3/41,28.75,5.00,34.5,0,0,2016/17
375,RAS Lakmal,SL,12,11,81.2,4,428,16,3/71,26.75,5.26,30.5,0,0,2016/17
376,JP Faulkner,AUS,8,8,65.2,1,372,15,4/32,24.80,5.69,26.1,1,0,2016/17
377,Hasan Ali,PAK,8,8,65.4,2,391,15,5/52,26.06,5.95,26.2,0,1,2016/17
378,A Mishra,INDIA,5,5,44.5,2,215,15,5/18,14.33,4.79,17.9,0,1,2016/17
379,AL Phehlukwayo,SA,14,14,91.4,5,521,15,4/44,34.73,5.68,36.6,1,0,2016/17
380,Shakib Al Hasan,BDESH,12,12,107.0,0,563,15,4/47,37.53,5.26,42.8,1,0,2016/17
381,CR Woakes,ENG,9,9,77.0,7,412,15,4/47,27.46,5.35,30.8,2,0,2016/17
382,AR Nurse,WI,7,7,66.0,1,334,14,3/27,23.85,5.06,28.2,0,0,2016/17
383,AU Rashid,ENG,7,7,53.2,1,296,14,4/43,21.14,5.55,22.8,2,0,2016/17
384,KMDN Kulasekara,SL,10,9,72.3,3,387,13,4/37,29.76,5.33,33.4,1,0,2016/17
385,CH Morris,SA,8,8,68.3,2,333,13,4/31,25.61,4.86,31.6,2,0,2016/17
386,CB Mpofu,ZIM,8,7,53.5,3,279,13,3/24,21.46,5.18,24.8,0,0,2016/17
387,LE Plunkett,ENG,6,6,53.1,5,306,13,4/40,23.53,5.75,24.5,1,0,2016/17
388,Zahoor Khan,UAE,4,4,22.4,0,115,13,6/34,8.84,5.07,10.4,0,1,2016/17
389,JT Ball,ENG,6,6,55.5,0,342,12,5/51,28.50,6.12,27.9,0,1,2016/17
390,Nadeem Ahmed,HKG,5,5,49.0,6,195,12,4/33,16.25,3.97,24.5,2,0,2016/17
391,JDS Neesham,NZ,16,14,65.0,1,426,12,3/36,35.50,6.55,32.5,0,0,2016/17
392,D Pretorius,SA,9,9,64.2,4,304,12,3/5,25.33,4.72,32.1,0,0,2016/17
393,A Zampa,AUS,10,10,77.5,2,478,12,3/37,39.83,6.14,38.9,0,0,2016/17
394,JJ Bumrah,INDIA,7,7,61.4,2,360,11,3/35,32.72,5.83,33.6,0,0,2016/17
395,Gulbadin Naib,AFG,10,10,63.0,3,304,11,4/27,27.63,4.82,34.3,1,0,2016/17
396,TL Chatara,ZIM,5,5,44.2,5,186,10,3/30,18.60,4.19,26.6,0,0,2016/17
397,AG Cremer,ZIM,10,9,72.3,3,282,10,3/46,28.20,3.88,43.5,0,0,2016/17
398,GH Dockrell,IRE,9,9,83.5,4,415,10,3/27,41.50,4.95,50.3,0,0,2016/17
399,ST Gabriel,WI,7,7,49.1,0,270,10,3/31,27.00,5.49,29.5,0,0,2016/17
